{"cameraMode":{"drawMode":0,"name":"Shaded","section":"Shading Mode"},"sceneLighting":true,"audioPlay":false,"sceneViewState":{"m_AlwaysRefresh":false,"showFog":true,"showSkybox":true,"showFlares":true,"showImageEffects":true,"showParticleSystems":true,"showVisualEffectGraphs":true,"m_FxEnabled":true},"in2DMode":false,"pivot":{"x":2.120396852493286,"y":1.9616601467132569,"z":-7.073546409606934},"rotation":{"x":-0.15333078801631928,"y":0.21657727658748628,"z":-0.03446425497531891,"w":-0.9635362029075623},"size":0.011155475862324238,"orthographic":false}